Gender,NameSet,GivenName,Surname,StreetAddress,City,ZipCode,EmailAddress,Username,Password,TelephoneNumber,TelephoneCountryCode,Birthday,Company,Domain,Department
"female,Hobbit,Diamond,Whitfoot,""Veres Pálné u. 21."",Kuncsorba,5412,DiamondWhitfoot@fleckens.hu,Swenoboy,Iesie8ga7,""(56) 725-859"",36,1/23/1973,""CourtesyHardware Store"",GolfingPosters.hu,IT"
"female,Hobbit,Miranda,Brockhouse,""Eötvös út 90."",Vízvár,7588,MirandaBrockhouse@armyspy.com,Yeacten,oaGaiZaivi9ah,""(82) 974-265"",36,6/14/1997,""H.C. Bohack"",SkilledMechanic.hu,Marketing"










































































































































































































































































































 
